{"Rhode Island": {"netGeneration": 6564885.1, "mix": {"oil": 0.400354469935055, "solar": 0.223355013002898, "coal": 0.0, "wind": 0.404150256086264, "biomass": 3.11926403042916, "hydro": 0.0324148856080043, "geothermal": 0.0, "unknown": 0.0, "otherFossil": 0.0, "nuclear": 0.0, "gas": 95.8204613449386}, "nameplateCapacity": 2398.0}, "North Dakota": {"netGeneration": 37856451.758, "mix": {"oil": 0.0795164301827238, "solar": 0.0, "coal": 70.2135259347657, "wind": 21.5866031525464, "biomass": 0.0148085722395754, "hydro": 5.05067145289499, "geothermal": 0.0, "unknown": 0.104035106864687, "otherFossil": 0.121430683315052, "nuclear": 0.0, "gas": 2.82940866719082}, "nameplateCapacity": 9442.3}, "Alaska": {"netGeneration": 6335033.511, "mix": {"oil": 13.1177817525334, "solar": 0.0, "coal": 9.37508349654355, "wind": 2.67144757377534, "biomass": 0.678771307669188, "hydro": 26.1802209374103, "geothermal": 0.0, "unknown": 0.0, "otherFossil": 0.0, "nuclear": 0.0, "gas": 47.9766949320682}, "nameplateCapacity": 3439.3}, "Maryland": {"netGeneration": 37166746.524, "mix": {"oil": 0.432115094511355, "solar": 0.561387648808749, "coal": 37.1991610016348, "wind": 1.4181900876279, "biomass": 2.34091930077492, "hydro": 3.74565237031159, "geothermal": 0.0, "unknown": 0.0, "otherFossil": 0.0, "nuclear": 39.7119725771528, "gas": 14.5906019191779}, "nameplateCapacity": 18265.2}, "New Mexico": {"netGeneration": 32922552.001, "mix": {"oil": 0.156982687189679, "solar": 2.31556475971366, "coal": 55.7832509209687, "wind": 10.9512198728546, "biomass": 0.0541069607331151, "hydro": 0.449454836765536, "geothermal": 0.0431862032623226, "unknown": 0.000847443431578843, "otherFossil": 0.0, "nuclear": 0.0, "gas": 30.2453863150808}, "nameplateCapacity": 13285.9}, "Arizona": {"netGeneration": 108734630.779, "mix": {"oil": 0.0474497764901804, "solar": 3.43739326254438, "coal": 27.9609257579863, "wind": 0.498073838066132, "biomass": 0.197155599400995, "hydro": 6.64585842381067, "geothermal": 0.0, "unknown": 0.0, "otherFossil": 0.0, "nuclear": 29.7764221046636, "gas": 31.4367212370378}, "nameplateCapacity": 40134.7}, "Oregon": {"netGeneration": 60181811.826, "mix": {"oil": 0.00805865072291105, "solar": 0.0680200182258296, "coal": 3.15408787957563, "wind": 11.8924168703487, "biomass": 1.73047554638906, "hydro": 57.4078691171161, "geothermal": 0.305239333302836, "unknown": 0.0, "otherFossil": 0.0, "nuclear": 0.0, "gas": 25.4338325843189}, "nameplateCapacity": 19278.2}, "Alabama": {"netGeneration": 142863240.209, "mix": {"oil": 0.0320812876526775, "solar": 0.0218817660739702, "coal": 23.9798603432318, "wind": 0.0, "biomass": 2.33457241144212, "hydro": 5.22383854364561, "geothermal": 0.0, "unknown": 0.0, "otherFossil": 0.0168364122124984, "nuclear": 27.9301232266998, "gas": 40.4608060090415}, "nameplateCapacity": 38353.5}, "Virginia": {"netGeneration": 92554816.451, "mix": {"oil": 0.578425695153699, "solar": 0.0225898561547833, "coal": 17.8266381936999, "wind": 0.0, "biomass": 4.91986446946641, "hydro": 0.333668209147557, "geothermal": 0.0, "unknown": 0.0, "otherFossil": 0.0, "nuclear": 32.1235522890339, "gas": 44.1952612873437}, "nameplateCapacity": 34581.2}, "Colorado": {"netGeneration": 54418479.931, "mix": {"oil": 0.0128164274462212, "solar": 0.988835153985018, "coal": 55.0340160825281, "wind": 17.3125085611163, "biomass": 0.298253461236163, "hydro": 2.95558604633453, "geothermal": 0.0, "unknown": 0.0981063786604004, "otherFossil": 0.0, "nuclear": 0.0, "gas": 23.2998778886932}, "nameplateCapacity": 19872.6}, "Louisiana": {"netGeneration": 106842115.053, "mix": {"oil": 4.51060385878939, "solar": 0.0, "coal": 11.2443007965254, "wind": 0.0, "biomass": 2.69207760273855, "hydro": 1.03238595110488, "geothermal": 0.0, "unknown": 0.649419204816255, "otherFossil": 1.995293152188, "nuclear": 16.0534315224573, "gas": 61.8224879113802}, "nameplateCapacity": 36571.7}, "Mississippi": {"netGeneration": 62881294.963, "mix": {"oil": 0.0282839006551713, "solar": 0.0, "coal": 8.49541348114511, "wind": 0.0, "biomass": 2.42393331232631, "hydro": 0.0, "geothermal": 0.0, "unknown": 0.0, "otherFossil": 0.00838461422035819, "nuclear": 9.37842008949327, "gas": 79.6655646021598}, "nameplateCapacity": 19599.7}, "Missouri": {"netGeneration": 78611512.544, "mix": {"oil": 0.0938663714822434, "solar": 0.0415766076953379, "coal": 76.7341676411401, "wind": 1.42712303791056, "biomass": 0.176360042251555, "hydro": 1.84155470470997, "geothermal": 0.0, "unknown": 0.0, "otherFossil": 0.0114222354425749, "nuclear": 11.9959262262824, "gas": 7.67800313308529}, "nameplateCapacity": 24747.7}, "Iowa": {"netGeneration": 54396530.724, "mix": {"oil": 0.510644158571517, "solar": 0.000277591232971245, "coal": 46.3234452100955, "wind": 36.9068077995302, "biomass": 0.462740086914409, "hydro": 1.68538138334089, "geothermal": 0.0, "unknown": 0.0, "otherFossil": 0.022283274071317, "nuclear": 8.64515612980608, "gas": 5.44326436643707}, "nameplateCapacity": 22303.9}, "Texas": {"netGeneration": 453941342.056, "mix": {"oil": 0.0432703346914266, "solar": 0.160992166240827, "coal": 26.7062991106578, "wind": 12.6736163184591, "biomass": 0.370685631863286, "hydro": 0.295634011652853, "geothermal": 0.0, "unknown": 0.144483337222404, "otherFossil": 0.554282657036034, "nuclear": 9.26979790200154, "gas": 49.7809385301747}, "nameplateCapacity": 182433.5}, "Oklahoma": {"netGeneration": 78655008.003, "mix": {"oil": 0.0219455716971364, "solar": 0.0069111938235462, "coal": 24.3570561777216, "wind": 25.5153355935538, "biomass": 0.467638568809724, "hydro": 3.16063158376871, "geothermal": 0.0, "unknown": 0.0, "otherFossil": 0.0283195295391412, "nuclear": 0.0, "gas": 46.4421617810863}, "nameplateCapacity": 33525.2}, "U.S.": {"netGeneration": 4075322641.089, "mix": {"oil": 0.593638604155216, "solar": 0.881937072788413, "coal": 30.4034440970752, "wind": 5.56780957737731, "biomass": 1.71112161020832, "hydro": 6.40692342781077, "geothermal": 0.388298076428613, "unknown": 0.140815095004277, "otherFossil": 0.340778750119991, "nuclear": 19.7683069304823, "gas": 33.7969267585496}, "nameplateCapacity": 1515006.8}, "Michigan": {"netGeneration": 112121789.925, "mix": {"oil": 0.730436865892991, "solar": 0.00823657913825913, "coal": 36.1454028370175, "wind": 4.18810918198071, "biomass": 2.35007655237637, "hydro": 0.724841261349094, "geothermal": 0.0, "unknown": 0.00186101826593887, "otherFossil": 1.58249105030814, "nuclear": 28.1405691783868, "gas": 26.1279754752842}, "nameplateCapacity": 36977.2}, "Pennsylvania": {"netGeneration": 215066508.488, "mix": {"oil": 0.168652292280365, "solar": 0.0347824309890067, "coal": 25.4209872038413, "wind": 1.61635859510349, "biomass": 1.46520187301296, "hydro": 0.842847642902135, "geothermal": 0.0, "unknown": 0.00293444108779934, "otherFossil": 0.249873539132601, "nuclear": 38.557379978375, "gas": 31.6409820032753}, "nameplateCapacity": 68558.5}, "North Carolina": {"netGeneration": 130768152.699, "mix": {"oil": 0.192090640609279, "solar": 2.60776261862837, "coal": 28.6275972168915, "wind": 0.00476645106405565, "biomass": 1.95453554524712, "hydro": 3.3778759682066, "geothermal": 0.0, "unknown": 0.222989309133253, "otherFossil": 0.277544220702755, "nuclear": 32.719042179998, "gas": 30.015795849519}, "nameplateCapacity": 48223.6}, "New Hampshire": {"netGeneration": 19282493.05, "mix": {"oil": 0.201210252226213, "solar": 0.0, "coal": 2.18860205904539, "wind": 2.24205447801986, "biomass": 9.01526911004134, "hydro": 5.94003080472722, "geothermal": 0.0, "unknown": 0.0, "otherFossil": 0.0, "nuclear": 55.8079442567418, "gas": 24.6048890391982}, "nameplateCapacity": 4650.3}, "Kentucky": {"netGeneration": 80273501.005, "mix": {"oil": 1.51782791134958, "solar": 0.0146150346986756, "coal": 83.2429848118192, "wind": 0.0, "biomass": 0.579138339799489, "hydro": 4.33260037756264, "geothermal": 0.0, "unknown": 0.0, "otherFossil": 0.0622262907237682, "nuclear": 0.0, "gas": 10.2506072340467}, "nameplateCapacity": 31178.5}, "Ohio": {"netGeneration": 118922077.758,